Comcast ,Product Manager, ,Tech Intern - Junior Product Manager (TPX), , Philadelphia-PA , https://comcast.contacthr.com/127847295?ref=levels.fyi&src=levels.fyi&utm_source=levels.fyi
Comcast ,Product Manager, ,Tech Intern - P2 Product Manager (TPX), , Philadelphia-PA , https://comcast.contacthr.com/127847260?ref=levels.fyi&src=levels.fyi&utm_source=levels.fyi
PepsiCo ,Product Manager, ,Product Brand Manager Intern, , Utrecht-Utrecht-Netherlands, https://www.linkedin.com/jobs/view/product-brand-manager-intern-at-pepsico-3669152703?ref=levels.fyi&utm_source=levels.fyi
PepsiCo ,Product Manager, ,Product Brand Manager Intern, , Utrecht-Utrecht-Netherlands, https://www.linkedin.com/jobs/view/product-brand-manager-intern-at-pepsico-3669155164?ref=levels.fyi&utm_source=levels.fyi
Amazon ,Product Manager, ,2024 Product Manager Intern, , Warsaw-Mazowieckie-Poland , https://www.amazon.jobs/jobs/2453351/-product-manager-intern?cmpid=SPLICX0248M&utm_source=levels.fyi&utm_campaign=JB_LVDS301046B&utm_medium=social_media&utm_content=job_posting&ss=paid&ref=levels.fyi&src=levels.fyi
Amazon ,Product Manager, ,2024 Product Manager Intern, , London-England-United Kingdom , https://www.amazon.jobs/jobs/2450529/-product-manager-intern?cmpid=SPLICX0248M&utm_source=levels.fyi&utm_campaign=JB_LVDS301046B&utm_medium=social_media&utm_content=job_posting&ss=paid&ref=levels.fyi&src=levels.fyi
Walmart ,Product Manager, ,2023 Intern Conversion: 2024 FT Manager II-Product Management MBA, , San Bruno-CA, https://click.appcast.io/track/hb0n3vu-org?cs=4c&jg=1yfx&bid=q948nGl57dNhZO5Va2AQmA%3D%3D&ref=levels.fyi&src=levels.fyi&utm_source=levels.fyi
Walmart ,Product Manager, ,2024 Summer Intern: Supply Chain Innovation & Automation - Product Manager, , Bentonville-AR, https://click.appcast.io/track/h4ym45b-org?cs=4c&jg=1yfx&bid=q948nGl57dNhZO5Va2AQmA%3D%3D&ref=levels.fyi&src=levels.fyi&utm_source=levels.fyi
Walmart ,Product Manager, ,2024 Summer Intern: US Product-Product Manager-Walmart Intern, , San Bruno-CA, https://click.appcast.io/track/hg0jjlv-org?cs=4c&jg=1yfx&bid=q948nGl57dNhZO5Va2AQmA%3D%3D&ref=levels.fyi&src=levels.fyi&utm_source=levels.fyi
Microsoft ,Product Manager, ,Product Manager: Internship Opportunities for Washington State Opportunity Scholars (WSOS)-Redmond, , Redmond-WA, https://www.linkedin.com/jobs/view/product-manager-internship-opportunities-for-washington-state-opportunity-scholars-wsos-redmond-at-microsoft-3705244115?ref=levels.fyi&utm_source=levels.fyi
Microsoft ,Product Manager, ,Product Manager: Internship Opportunities for Society of Women Engineers (SWE)-Redmond, , Redmond-WA, https://careers.microsoft.com/us/en/job/1615577/Product-Manager:-Internship-Opportunities-for-Society-of-Women-Engineers-(SWE)#-Redmond?jobsource=levels.fyi&utm_source=levels.fyi&utm_campaign=levels.fyi-feed&ref=levels.fyi&src=levels.fyi
Microsoft ,Product Manager, ,Product Manager: Internship Opportunities for Society of Hispanic Professional Engineers (SHPE)-Redmond, , Redmond-WA, https://www.linkedin.com/jobs/view/product-manager-internship-opportunities-for-society-of-hispanic-professional-engineers-shpe-redmond-at-microsoft-3705236771?ref=levels.fyi&utm_source=levels.fyi
Microsoft ,Product Manager, ,Product Manager: Intern Opportunities for University Students-Multiple Locations, , United States, https://www.linkedin.com/jobs/view/product-manager-intern-opportunities-for-university-students-multiple-locations-at-microsoft-3691825526?ref=levels.fyi&utm_source=levels.fyi
Microsoft ,Product Manager, ,Product Manager - Internship Opportunities, , Greater Kolkata Area , https://careers.microsoft.com/us/en/job/1577321/Product-Manager---Internship-Opportunities?jobsource=levels.fyi&utm_source=levels.fyi&utm_campaign=levels.fyi-feed&ref=levels.fyi&src=levels.fyi
Microsoft ,Product Manager, ,Product Manager: Internship Opportunities for American Indian in Science and Engineering Society (AISES)-Redmond, , Redmond-WA, https://www.linkedin.com/jobs/view/product-manager-internship-opportunities-for-american-indian-in-science-and-engineering-society-aises-redmond-at-microsoft-3705242294?ref=levels.fyi&utm_source=levels.fyi
Microsoft ,Product Manager, ,Product Manager: Intern Opportunities for University Students-Bay Area, , Mountain View-CA, https://careers.microsoft.com/us/en/job/1605911/Product-Manager:-Intern-Opportunities-for-University-Students#-Bay-Area?jobsource=levels.fyi&utm_source=levels.fyi&utm_campaign=levels.fyi-feed&ref=levels.fyi&src=levels.fyi
Microsoft ,Product Manager, ,Product Manager: Internship Opportunities for Tapia-Redmond, , Redmond-WA, https://www.linkedin.com/jobs/view/product-manager-internship-opportunities-for-tapia-redmond-at-microsoft-3705237914?ref=levels.fyi&utm_source=levels.fyi
Microsoft ,Product Manager, ,Product Manager: Internship Opportunities for National Society of Black Engineers (NSBE)-Redmond, , Redmond-WA, https://www.linkedin.com/jobs/view/product-manager-internship-opportunities-for-national-society-of-black-engineers-nsbe-redmond-at-microsoft-3705239671?ref=levels.fyi&utm_source=levels.fyi
Microsoft ,Product Manager, ,Product Manager: Internship Opportunities for Lesbians Who Tech-Redmond, , Redmond-WA, https://www.linkedin.com/jobs/view/product-manager-internship-opportunities-for-lesbians-who-tech-redmond-at-microsoft-3705243607?ref=levels.fyi&utm_source=levels.fyi
Microsoft ,Product Manager, ,Product Manager: Intern Opportunities for University Students-Redmond, , Redmond-WA, https://careers.microsoft.com/us/en/job/1605747/Product-Manager:-Intern-Opportunities-for-University-Students#-Redmond?jobsource=levels.fyi&utm_source=levels.fyi&utm_campaign=levels.fyi-feed&ref=levels.fyi&src=levels.fyi
Microsoft ,Product Manager, ,Product Manager: Internship Opportunities for CodePath-Redmond, , Redmond-WA, https://careers.microsoft.com/us/en/job/1615570/Product-Manager:-Internship-Opportunities-for-CodePath#-Redmond?jobsource=levels.fyi&utm_source=levels.fyi&utm_campaign=levels.fyi-feed&ref=levels.fyi&src=levels.fyi
Microsoft ,Product Manager, ,Product Manager: Internship Opportunities for Grace Hopper Celebration (GHC)-Redmond, , Redmond-WA, https://www.linkedin.com/jobs/view/product-manager-internship-opportunities-for-grace-hopper-celebration-ghc-redmond-at-microsoft-3705234944?ref=levels.fyi&utm_source=levels.fyi
Microsoft ,Product Manager, ,Product Manager: MBA Internship Opportunities, , Redmond-WA, https://careers.microsoft.com/us/en/job/1602820/Product-Manager:-MBA-Internship-Opportunities?jobsource=levels.fyi&utm_source=levels.fyi&utm_campaign=levels.fyi-feed&ref=levels.fyi&src=levels.fyi
Intuit ,Product Manager, ,Rotational Product Manager Intern, , Mountain View-CA, https://dsp.prng.co/1pVatQb?ref=levels.fyi&src=levels.fyi&utm_source=levels.fyi
Intuit ,Product Manager, ,Product Manager Intern, , Mountain View-CA, https://dsp.prng.co/RxCVNvb?ref=levels.fyi&src=levels.fyi&utm_source=levels.fyi
Intuit ,Product Manager, ,Product Manager Intern, , San Diego-CA, https://dsp.prng.co/r-vDP1b?ref=levels.fyi&src=levels.fyi&utm_source=levels.fyi
Okta ,Product Manager, ,Product Manager Intern-Customer Identity Cloud (Summer 2024), , Fully Remote, https://www.okta.com/company/careers/opportunity/5364066?gh_jid=5364066&ref=levels.fyi&utm_source=levels.fyi
Cisco ,Product Manager, ,Product Manager MBA (Intern) United States, , San Jose-CA, https://www.linkedin.com/jobs/view/product-manager-mba-intern-united-states-at-cisco-3682229088?ref=levels.fyi&utm_source=levels.fyi
,Veeva Systems, ,Product Manager, ,Internship Product Manager - OpenData, , Singapore, https://veevasystems.contacthr.com/128071805?ref=levels.fyi&src=levels.fyi&utm_source=levels.fyi
,Procter & Gamble, ,Product Manager, ,Digital Product Manager Internship, , Cincinnati-OH, https://www.pgcareers.com/global/en/job/R000086651/Digital-Product-Manager-Internship?source=rs_levels.fyi&ref=levels.fyi&src=levels.fyi&utm_source=levels.fyi
,Procter & Gamble, ,Product Manager, ,Product Supply Project Manager Engineer Internship (m/f/x), , Mequinenza-Aragon-Spain, https://www.pgcareers.com/global/en/job/R000072533/Product-Supply-Project-Manager-Engineer-Internship-m-f-x?source=rs_levels.fyi&ref=levels.fyi&src=levels.fyi&utm_source=levels.fyi
,Schneider Electric, ,Product Manager, ,Product Manager Intern, , Nashville-TN , https://careers.se.com/jobs/59103?lang=en-us&iis=Job+Board&iisn=levels.fyi&src=levels.fyi&ref=levels.fyi&utm_source=levels.fyi
Tesla ,Product Manager, ,Internship-Product Manager-Applications Engineering (Winter/Spring 2024), , Fremont-CA , https://www.tesla.com/careers/search/job/internship-product-manager-applications-engineering-winter-spring-2024-204139?source=levels.fyi&ref=levels.fyi&src=levels.fyi&utm_source=levels.fyi
PayPal ,Product Manager, ,Technical Product Manager Intern - 2024 Summer Intern Position, , Tondiarpet-Tamil Nadu-India , https://paypal.eightfold.ai/careers?Codes=w-levels.fyi&domain=paypal.com&query=R0107499&sort_by=relevance&ref=levels.fyi&src=levels.fyi&utm_source=levels.fyi
PayPal ,Product Manager, ,Product Manager Intern, , San Jose-CA , https://paypal.eightfold.ai/careers?Codes=w-levels.fyi&domain=paypal.com&query=R0107564&sort_by=relevance&ref=levels.fyi&src=levels.fyi&utm_source=levels.fyi
Vattenfall ,Product Manager, ,International Trainee - Product Manager - Cost Engineering, , Amsterdam-North Holland-Netherlands, https://careers.vattenfall.com/nl/nl/job/VAFIGLOBALREF4050VEXTERNALNLNL/International-Trainee-Product-Manager-Cost-Engineering?utm_source=levels.fyi&utm_medium=phenom-feeds&ref=levels.fyi&src=levels.fyi
Vattenfall ,Product Manager, ,International Trainee - Product Manager BtB, , Amsterdam-North Holland-Netherlands, https://careers.vattenfall.com/nl/nl/job/VAFIGLOBALREF4373NEXTERNALNLNL/International-Trainee-Product-Manager-BtB?utm_source=levels.fyi&utm_medium=phenom-feeds&ref=levels.fyi&src=levels.fyi
Vattenfall ,Product Manager, ,International Trainee - Product Manager - Cost Engineering, , Stockholm-Stockholm County-Sweden, https://careers.vattenfall.com/se/sv/job/VAFIGLOBALREF4050VEXTERNALSVSE/International-Trainee-Product-Manager-Cost-Engineering?utm_source=levels.fyi&utm_medium=phenom-feeds&ref=levels.fyi&src=levels.fyi
Google ,Product Manager, ,2023 MBA Internship - Tapestry - Product Manager, , Mountain View-CA, https://x.company/careers-at-x/6890607002/?gh_jid=b1ef07022&ref=levels.fyi&src=levels.fyi&utm_source=levels.fyi
,Johnson & Johnson, ,Product Manager, ,Engineering Co-op GTO PM, , Raritan-NJ, https://jnjc.taleo.net/careersection/2/jobdetail.ftl?job=2306135000W&lang=en&src=levels.fyi&ref=levels.fyi&utm_source=levels.fyi
Tencent ,Product Manager, ,Product Manager Intern - Pixel Lab, , New York-United States, https://tencent.wd1.myworkdayjobs.com/en-US/Tencent_Careers/job/US-New-York/Product-Manager-Intern---Pixel-Lab_R101520?source=10100001&ref=levels.fyi&src=levels.fyi&utm_source=levels.fyi
,Motorola Solutions, ,Product Manager, ,Student Product Manager, , Tel Aviv-Yafo-Tel Aviv District-Israel, https://motorolasolutions.wd5.myworkdayjobs.com/Careers/job/Tel-Aviv-Israel-ZIL87/Student-Product-Manager_R39812/apply/autofillWithResume?source=levels.fyi&ref=levels.fyi&src=levels.fyi&utm_source=levels.fyi
,Globus Medical, ,Product Manager, ,Product Manager Co-Op-Robotics, , Audubon-PA, https://www.linkedin.com/jobs/view/product-manager-co-op-robotics-at-globus-medical-3635520983?ref=levels.fyi&utm_source=levels.fyi
,Globus Medical, ,Product Manager, ,Product Manager Intern-Robotics, , Audubon-PA, https://www.linkedin.com/jobs/view/product-manager-intern-robotics-at-globus-medical-3630578927?ref=levels.fyi&utm_source=levels.fyi
Airbus ,Product Manager, ,Intern - R&D PM Intern (Suzhou), , Suzhou-Jiangsu-China, https://platform.moseeker.com/m/position/2508590?wechat_signature=Mzg4ZWI5NzY2MTAxZjVlOTBkNTMzMWZiOTgxYmI0NjJhNjE1MWQ0Yw%3D%3D&tracking_scene=10001&ref=levels.fyi&src=levels.fyi&utm_source=levels.fyi
Airbus ,Product Manager, ,Working Student in PM Support and Strategic Programme (d/f/m), , Munich-Bavaria-Germany, https://ag.wd3.myworkdayjobs.com/en-US/Airbus/job/Mnchen-Area/Working-Student-in-PM-Support-and-Strategic-Programme--d-f-m-_JR10215700?source=levels.fyijobs&ref=levels.fyi&src=levels.fyi&utm_source=levels.fyi
Airbus ,Product Manager, ,Working Student (d/f/m) within Project Management (PM) Support and Strategic Programmes – PM Community / Communication, , Munich-Bavaria-Germany, https://ag.wd3.myworkdayjobs.com/en-US/Airbus/job/Mnchen-Area/Working-Student--d-f-m--within-Project-Management--PM--Support-and-Strategic-Programmes---PM-Community---Communication_JR10215230?source=levels.fyijobs&ref=levels.fyi&src=levels.fyi&utm_source=levels.fyi
,Navy Federal Credit Union, ,Product Manager, ,Summer Associate Internship (Product Manager), , Winchester-VA , https://jobs.talemetry.com/navyfederal/jobs/apply?job_list_id=1045&returnUrl=https%3A%2F%2Ffa-etbx-saasfaprod1.fa.ocs.oraclecloud.com%2FhcmUI%2FCandidateExperience%2Fen%2Fsites%2FCX_1%2Fjob%2F14114&tm_job=14114-OTHLOC-300000025800044&tm_event=view&tm_company=903&bid=370&ref=levels.fyi&src=levels.fyi&utm_source=levels.fyi
,Navy Federal Credit Union, ,Product Manager, ,Summer Associate Internship (Product Manager), , Pensacola-FL , https://jobs.talemetry.com/navyfederal/jobs/apply?job_list_id=1045&returnUrl=https%3A%2F%2Ffa-etbx-saasfaprod1.fa.ocs.oraclecloud.com%2FhcmUI%2FCandidateExperience%2Fen%2Fsites%2FCX_1%2Fjob%2F14114&tm_job=14114-OTHLOC-300000025810540&tm_event=view&tm_company=903&bid=370&ref=levels.fyi&src=levels.fyi&utm_source=levels.fyi
,Navy Federal Credit Union, ,Product Manager, ,Summer Associate Internship (Product Manager), , Vienna-VA , https://jobs.talemetry.com/navyfederal/jobs/apply?job_list_id=1045&returnUrl=https%3A%2F%2Ffa-etbx-saasfaprod1.fa.ocs.oraclecloud.com%2FhcmUI%2FCandidateExperience%2Fen%2Fsites%2FCX_1%2Fjob%2F14114&tm_job=14114&tm_event=view&tm_company=903&bid=370&ref=levels.fyi&src=levels.fyi&utm_source=levels.fyi
Allegion ,Product Manager, ,Summer Intern – Product Manager-Commercial Electronics, , Carmel-IN, https://allegion.wd5.myworkdayjobs.com/careers/job/Carmel-IN/Summer-Intern---Product-Manager--Commercial-Electronics_JR27038-1?source=levels.fyi&ref=levels.fyi&src=levels.fyi&utm_source=levels.fyi
Ceridian ,Product Manager, ,Product Manager Intern 4 to 8 Months - Winter 2024, , Toronto-OH , https://www.mydayforce.com/CandidatePortal/en-us/mydayforce/Site/alljobs/Posting/View/57654?ref=levels.fyi&src=levels.fyi&utm_source=levels.fyi
Egencia ,Product Manager, ,Product Manager Intern - Paris, , Courbevoie-Île-de-France-France, https://travelhrportal.wd1.myworkdayjobs.com/egencia/job/France---Courbevoie/Product-Manager-Intern---Paris_J-59972-1?ref=levels.fyi&src=levels.fyi&utm_source=levels.fyi
Egencia ,Product Manager, ,Product Manager Intern - Paris, , Issy-les-Moulineaux-Île-de-France-France, https://travelhrportal.wd1.myworkdayjobs.com/egencia/job/France---Issy-Les-Moulineaux/Product-Manager-Intern---Paris_J-59972-1?ref=levels.fyi&src=levels.fyi&utm_source=levels.fyi
,Torc Robotics, ,Product Manager, ,Technical Product Manager Co-Op, , Montreal-QC , https://boards.greenhouse.io/torcrobotics/jobs/6918540002?ref=levels.fyi&utm_source=levels.fyi
,Hitachi Energy, ,Product Manager, ,Service PM intern, , Beijing-Beijing-China, https://www.hitachienergy.com/careers/open-jobs/details/JID3-38037?ref=levels.fyi&src=levels.fyi&utm_source=levels.fyi
Molex ,Product Manager, ,PM Environmental Health and Safety Internship Program - Summer 2024, , Menomonie-WI, https://koch.avature.net/en_US/careers/JobDetail/147118?source=levels.fyi&ref=levels.fyi&src=levels.fyi&utm_source=levels.fyi